Кобзар;Тарас Шевченко;320;250.00
Лісова пісня;Леся Українка;180;145.50
Тигролови;Іван Багряний;288;199.99

Інститутка;Марко Вовчок;96;89.90
   	
Сад Гетсиманський;Іван Багряний;400
Місто;Валер'ян Підмогильний;352;180.00;2026
;Василь Барка;416;210.00
Кайдашева сім'я;;208;120.00
   ;Ольга Кобилянська;256;130.00
Жовтий князь;Василь Барка;abc;190.00
Тіні забутих предків;Михайло Коцюбинський;128;ціна
Маруся Чурай;Ліна Костенко;-5;160.00
Енеїда;Іван Котляревський;304;-99.00
Хіба ревуть воли, як ясла повні?;Панас Мирний;;150.00
Земля;Ольга Кобилянська;272;
Intermezzo;Михайло Коцюбинський;32;0.00
Вершники;Юрій Яновський;240.5;140.00
Я (Романтика);Микола Хвильовий;64;99,50
Собор;Олесь Гончар;99999999999;200.00
Лісова пісня;Леся Українка;180;NaN
Кобзар;Тарас Шевченко;320;Infinity
Захар Беркут;Іван Франко;224;175.00
Чорна рада;Пантелеймон Куліш; 280;165.00
